{
    "best_model_name": "Random Forest",
    "best_roc_auc": 0.9601567140957823,
    "best_params": {
        "classifier__max_depth": null,
        "classifier__min_samples_split": 2,
        "classifier__n_estimators": 100
    },
    "accuracy": 0.9007263922518159,
    "precision": 0.9425287356321839,
    "recall": 0.5157232704402516,
    "f1_score": 0.6666666666666666,
    "roc_auc": 0.9601567140957823
}